<keymap version="1" name="Mac OS X 10.5+ copy" parent="Mac OS X 10.5+">
  <action id="ActivateTerminalToolWindow">
    <keyboard-shortcut first-keystroke="alt f12" />
    <keyboard-shortcut first-keystroke="shift ctrl t" />
  </action>
  <action id="EditorLeft">
    <keyboard-shortcut first-keystroke="left" />
  </action>
  <action id="GotoClass">
    <keyboard-shortcut first-keystroke="shift meta o" />
  </action>
  <action id="GotoFile">
    <keyboard-shortcut first-keystroke="meta o" />
  </action>
  <action id="GotoSymbol" />
  <action id="NextSplitter">
    <keyboard-shortcut first-keystroke="alt tab" />
    <keyboard-shortcut first-keystroke="ctrl b" second-keystroke="n" />
  </action>
  <action id="PrevSplitter">
    <keyboard-shortcut first-keystroke="shift alt tab" />
    <keyboard-shortcut first-keystroke="ctrl b" second-keystroke="p" />
  </action>
  <action id="SplitHorizontally">
    <keyboard-shortcut first-keystroke="shift ctrl minus" />
    <keyboard-shortcut first-keystroke="ctrl b" second-keystroke="minus" />
  </action>
  <action id="SplitVertically">
    <keyboard-shortcut first-keystroke="shift ctrl back_slash" />
    <keyboard-shortcut first-keystroke="ctrl b" second-keystroke="shift #100007c" />
  </action>
  <action id="VimWindowDown">
    <keyboard-shortcut first-keystroke="ctrl b" second-keystroke="j" />
  </action>
  <action id="VimWindowLeft">
    <keyboard-shortcut first-keystroke="ctrl b" second-keystroke="h" />
  </action>
  <action id="VimWindowRight">
    <keyboard-shortcut first-keystroke="ctrl b" second-keystroke="l" />
  </action>
  <action id="VimWindowUp">
    <keyboard-shortcut first-keystroke="ctrl b" second-keystroke="k" />
  </action>
</keymap>