<application>
  <component name="ProjectJdkTable">
    <jdk version="2">
      <name value="rbenv: 2.3.4" />
      <type value="RUBY_SDK" />
      <version value="ver.2.3.4p301 ( revision 58214) p301" />
      <homePath value="$USER_HOME$/.rbenv/versions/2.3.4/bin/ruby" />
      <roots>
        <classPath>
          <root type="composite">
            <root url="file:///usr/local/Cellar/rbenv/1.1.1/rbenv.d/exec/gem-rehash" type="simple" />
            <root url="file://$USER_HOME$/.rbenv/versions/2.3.4/lib/ruby/gems/2.3.0/gems/did_you_mean-1.0.0/lib" type="simple" />
            <root url="file://$USER_HOME$/.rbenv/versions/2.3.4/lib/ruby/site_ruby/2.3.0" type="simple" />
            <root url="file://$USER_HOME$/.rbenv/versions/2.3.4/lib/ruby/site_ruby/2.3.0/x86_64-darwin16" type="simple" />
            <root url="file://$USER_HOME$/.rbenv/versions/2.3.4/lib/ruby/site_ruby" type="simple" />
            <root url="file://$USER_HOME$/.rbenv/versions/2.3.4/lib/ruby/vendor_ruby/2.3.0" type="simple" />
            <root url="file://$USER_HOME$/.rbenv/versions/2.3.4/lib/ruby/vendor_ruby/2.3.0/x86_64-darwin16" type="simple" />
            <root url="file://$USER_HOME$/.rbenv/versions/2.3.4/lib/ruby/vendor_ruby" type="simple" />
            <root url="file://$USER_HOME$/.rbenv/versions/2.3.4/lib/ruby/2.3.0" type="simple" />
            <root url="file://$USER_HOME$/.rbenv/versions/2.3.4/lib/ruby/2.3.0/x86_64-darwin16" type="simple" />
            <root url="file://$APPLICATION_HOME_DIR$/rubystubs23" type="simple" />
          </root>
        </classPath>
        <sourcePath>
          <root type="composite">
            <root url="file:///usr/local/Cellar/rbenv/1.1.1/rbenv.d/exec/gem-rehash" type="simple" />
            <root url="file://$USER_HOME$/.rbenv/versions/2.3.4/lib/ruby/gems/2.3.0/gems/did_you_mean-1.0.0/lib" type="simple" />
            <root url="file://$USER_HOME$/.rbenv/versions/2.3.4/lib/ruby/site_ruby/2.3.0" type="simple" />
            <root url="file://$USER_HOME$/.rbenv/versions/2.3.4/lib/ruby/site_ruby/2.3.0/x86_64-darwin16" type="simple" />
            <root url="file://$USER_HOME$/.rbenv/versions/2.3.4/lib/ruby/site_ruby" type="simple" />
            <root url="file://$USER_HOME$/.rbenv/versions/2.3.4/lib/ruby/vendor_ruby/2.3.0" type="simple" />
            <root url="file://$USER_HOME$/.rbenv/versions/2.3.4/lib/ruby/vendor_ruby/2.3.0/x86_64-darwin16" type="simple" />
            <root url="file://$USER_HOME$/.rbenv/versions/2.3.4/lib/ruby/vendor_ruby" type="simple" />
            <root url="file://$USER_HOME$/.rbenv/versions/2.3.4/lib/ruby/2.3.0" type="simple" />
            <root url="file://$USER_HOME$/.rbenv/versions/2.3.4/lib/ruby/2.3.0/x86_64-darwin16" type="simple" />
            <root url="file://$APPLICATION_HOME_DIR$/rubystubs23" type="simple" />
          </root>
        </sourcePath>
      </roots>
      <additional NORMALIZED_VERSION_STRING="ver.2.3.4p301 ( revision 58214) p301" GEMS_BIN_DIR_PATH="$USER_HOME$/.rbenv/versions/2.3.4/bin">
        <VERSION_MANAGER ID="rbenv">
          <option name="gemset-name" />
          <distribution-id>2.3.4</distribution-id>
          <version-manager-path>/usr/local/bin/rbenv</version-manager-path>
        </VERSION_MANAGER>
      </additional>
    </jdk>
    <jdk version="2">
      <name value="rbenv: 2.4.1" />
      <type value="RUBY_SDK" />
      <version value="ver.2.4.1p111 ( revision 58053) p111" />
      <homePath value="$USER_HOME$/.rbenv/versions/2.4.1/bin/ruby" />
      <roots>
        <classPath>
          <root type="composite">
            <root url="file:///usr/local/Cellar/rbenv/1.1.1/rbenv.d/exec/gem-rehash" type="simple" />
            <root url="file://$USER_HOME$/.rbenv/versions/2.4.1/lib/ruby/gems/2.4.0/gems/did_you_mean-1.1.0/lib" type="simple" />
            <root url="file://$USER_HOME$/.rbenv/versions/2.4.1/lib/ruby/site_ruby/2.4.0" type="simple" />
            <root url="file://$USER_HOME$/.rbenv/versions/2.4.1/lib/ruby/site_ruby/2.4.0/x86_64-darwin16" type="simple" />
            <root url="file://$USER_HOME$/.rbenv/versions/2.4.1/lib/ruby/site_ruby" type="simple" />
            <root url="file://$USER_HOME$/.rbenv/versions/2.4.1/lib/ruby/vendor_ruby/2.4.0" type="simple" />
            <root url="file://$USER_HOME$/.rbenv/versions/2.4.1/lib/ruby/vendor_ruby/2.4.0/x86_64-darwin16" type="simple" />
            <root url="file://$USER_HOME$/.rbenv/versions/2.4.1/lib/ruby/vendor_ruby" type="simple" />
            <root url="file://$USER_HOME$/.rbenv/versions/2.4.1/lib/ruby/2.4.0" type="simple" />
            <root url="file://$USER_HOME$/.rbenv/versions/2.4.1/lib/ruby/2.4.0/x86_64-darwin16" type="simple" />
            <root url="file://$APPLICATION_HOME_DIR$/rubystubs24" type="simple" />
          </root>
        </classPath>
        <sourcePath>
          <root type="composite">
            <root url="file:///usr/local/Cellar/rbenv/1.1.1/rbenv.d/exec/gem-rehash" type="simple" />
            <root url="file://$USER_HOME$/.rbenv/versions/2.4.1/lib/ruby/gems/2.4.0/gems/did_you_mean-1.1.0/lib" type="simple" />
            <root url="file://$USER_HOME$/.rbenv/versions/2.4.1/lib/ruby/site_ruby/2.4.0" type="simple" />
            <root url="file://$USER_HOME$/.rbenv/versions/2.4.1/lib/ruby/site_ruby/2.4.0/x86_64-darwin16" type="simple" />
            <root url="file://$USER_HOME$/.rbenv/versions/2.4.1/lib/ruby/site_ruby" type="simple" />
            <root url="file://$USER_HOME$/.rbenv/versions/2.4.1/lib/ruby/vendor_ruby/2.4.0" type="simple" />
            <root url="file://$USER_HOME$/.rbenv/versions/2.4.1/lib/ruby/vendor_ruby/2.4.0/x86_64-darwin16" type="simple" />
            <root url="file://$USER_HOME$/.rbenv/versions/2.4.1/lib/ruby/vendor_ruby" type="simple" />
            <root url="file://$USER_HOME$/.rbenv/versions/2.4.1/lib/ruby/2.4.0" type="simple" />
            <root url="file://$USER_HOME$/.rbenv/versions/2.4.1/lib/ruby/2.4.0/x86_64-darwin16" type="simple" />
            <root url="file://$APPLICATION_HOME_DIR$/rubystubs24" type="simple" />
          </root>
        </sourcePath>
      </roots>
      <additional NORMALIZED_VERSION_STRING="ver.2.4.1p111 ( revision 58053) p111" GEMS_BIN_DIR_PATH="$USER_HOME$/.rbenv/versions/2.4.1/bin">
        <VERSION_MANAGER ID="rbenv">
          <option name="gemset-name" />
          <distribution-id>2.4.1</distribution-id>
          <version-manager-path>/usr/local/bin/rbenv</version-manager-path>
        </VERSION_MANAGER>
      </additional>
    </jdk>
    <jdk version="2">
      <name value="rbenv: 2.3.1" />
      <type value="RUBY_SDK" />
      <version value="ver.2.3.1p112 ( revision 54768) p112" />
      <homePath value="$USER_HOME$/.rbenv/versions/2.3.1/bin/ruby" />
      <roots>
        <classPath>
          <root type="composite">
            <root url="file:///usr/local/Cellar/rbenv/1.1.1/rbenv.d/exec/gem-rehash" type="simple" />
            <root url="file://$USER_HOME$/.rbenv/versions/2.3.1/lib/ruby/gems/2.3.0/gems/did_you_mean-1.0.0/lib" type="simple" />
            <root url="file://$USER_HOME$/.rbenv/versions/2.3.1/lib/ruby/site_ruby/2.3.0" type="simple" />
            <root url="file://$USER_HOME$/.rbenv/versions/2.3.1/lib/ruby/site_ruby/2.3.0/x86_64-darwin16" type="simple" />
            <root url="file://$USER_HOME$/.rbenv/versions/2.3.1/lib/ruby/site_ruby" type="simple" />
            <root url="file://$USER_HOME$/.rbenv/versions/2.3.1/lib/ruby/vendor_ruby/2.3.0" type="simple" />
            <root url="file://$USER_HOME$/.rbenv/versions/2.3.1/lib/ruby/vendor_ruby/2.3.0/x86_64-darwin16" type="simple" />
            <root url="file://$USER_HOME$/.rbenv/versions/2.3.1/lib/ruby/vendor_ruby" type="simple" />
            <root url="file://$USER_HOME$/.rbenv/versions/2.3.1/lib/ruby/2.3.0" type="simple" />
            <root url="file://$USER_HOME$/.rbenv/versions/2.3.1/lib/ruby/2.3.0/x86_64-darwin16" type="simple" />
            <root url="file://$APPLICATION_HOME_DIR$/rubystubs23" type="simple" />
          </root>
        </classPath>
        <sourcePath>
          <root type="composite">
            <root url="file:///usr/local/Cellar/rbenv/1.1.1/rbenv.d/exec/gem-rehash" type="simple" />
            <root url="file://$USER_HOME$/.rbenv/versions/2.3.1/lib/ruby/gems/2.3.0/gems/did_you_mean-1.0.0/lib" type="simple" />
            <root url="file://$USER_HOME$/.rbenv/versions/2.3.1/lib/ruby/site_ruby/2.3.0" type="simple" />
            <root url="file://$USER_HOME$/.rbenv/versions/2.3.1/lib/ruby/site_ruby/2.3.0/x86_64-darwin16" type="simple" />
            <root url="file://$USER_HOME$/.rbenv/versions/2.3.1/lib/ruby/site_ruby" type="simple" />
            <root url="file://$USER_HOME$/.rbenv/versions/2.3.1/lib/ruby/vendor_ruby/2.3.0" type="simple" />
            <root url="file://$USER_HOME$/.rbenv/versions/2.3.1/lib/ruby/vendor_ruby/2.3.0/x86_64-darwin16" type="simple" />
            <root url="file://$USER_HOME$/.rbenv/versions/2.3.1/lib/ruby/vendor_ruby" type="simple" />
            <root url="file://$USER_HOME$/.rbenv/versions/2.3.1/lib/ruby/2.3.0" type="simple" />
            <root url="file://$USER_HOME$/.rbenv/versions/2.3.1/lib/ruby/2.3.0/x86_64-darwin16" type="simple" />
            <root url="file://$APPLICATION_HOME_DIR$/rubystubs23" type="simple" />
          </root>
        </sourcePath>
      </roots>
      <additional NORMALIZED_VERSION_STRING="ver.2.3.1p112 ( revision 54768) p112" GEMS_BIN_DIR_PATH="$USER_HOME$/.rbenv/versions/2.3.1/bin">
        <VERSION_MANAGER ID="rbenv">
          <option name="gemset-name" />
          <distribution-id>2.3.1</distribution-id>
          <version-manager-path>/usr/local/bin/rbenv</version-manager-path>
        </VERSION_MANAGER>
      </additional>
    </jdk>
    <jdk version="2">
      <name value="rbenv: 2.3.0" />
      <type value="RUBY_SDK" />
      <version value="ver.2.3.0p0 ( revision 53290) p0" />
      <homePath value="$USER_HOME$/.rbenv/versions/2.3.0/bin/ruby" />
      <roots>
        <classPath>
          <root type="composite">
            <root url="file:///usr/local/Cellar/rbenv/1.1.1/rbenv.d/exec/gem-rehash" type="simple" />
            <root url="file://$USER_HOME$/.rbenv/versions/2.3.0/lib/ruby/gems/2.3.0/gems/did_you_mean-1.0.0/lib" type="simple" />
            <root url="file://$USER_HOME$/.rbenv/versions/2.3.0/lib/ruby/site_ruby/2.3.0" type="simple" />
            <root url="file://$USER_HOME$/.rbenv/versions/2.3.0/lib/ruby/site_ruby/2.3.0/x86_64-darwin16" type="simple" />
            <root url="file://$USER_HOME$/.rbenv/versions/2.3.0/lib/ruby/site_ruby" type="simple" />
            <root url="file://$USER_HOME$/.rbenv/versions/2.3.0/lib/ruby/vendor_ruby/2.3.0" type="simple" />
            <root url="file://$USER_HOME$/.rbenv/versions/2.3.0/lib/ruby/vendor_ruby/2.3.0/x86_64-darwin16" type="simple" />
            <root url="file://$USER_HOME$/.rbenv/versions/2.3.0/lib/ruby/vendor_ruby" type="simple" />
            <root url="file://$USER_HOME$/.rbenv/versions/2.3.0/lib/ruby/2.3.0" type="simple" />
            <root url="file://$USER_HOME$/.rbenv/versions/2.3.0/lib/ruby/2.3.0/x86_64-darwin16" type="simple" />
            <root url="file://$APPLICATION_HOME_DIR$/rubystubs23" type="simple" />
          </root>
        </classPath>
        <sourcePath>
          <root type="composite">
            <root url="file:///usr/local/Cellar/rbenv/1.1.1/rbenv.d/exec/gem-rehash" type="simple" />
            <root url="file://$USER_HOME$/.rbenv/versions/2.3.0/lib/ruby/gems/2.3.0/gems/did_you_mean-1.0.0/lib" type="simple" />
            <root url="file://$USER_HOME$/.rbenv/versions/2.3.0/lib/ruby/site_ruby/2.3.0" type="simple" />
            <root url="file://$USER_HOME$/.rbenv/versions/2.3.0/lib/ruby/site_ruby/2.3.0/x86_64-darwin16" type="simple" />
            <root url="file://$USER_HOME$/.rbenv/versions/2.3.0/lib/ruby/site_ruby" type="simple" />
            <root url="file://$USER_HOME$/.rbenv/versions/2.3.0/lib/ruby/vendor_ruby/2.3.0" type="simple" />
            <root url="file://$USER_HOME$/.rbenv/versions/2.3.0/lib/ruby/vendor_ruby/2.3.0/x86_64-darwin16" type="simple" />
            <root url="file://$USER_HOME$/.rbenv/versions/2.3.0/lib/ruby/vendor_ruby" type="simple" />
            <root url="file://$USER_HOME$/.rbenv/versions/2.3.0/lib/ruby/2.3.0" type="simple" />
            <root url="file://$USER_HOME$/.rbenv/versions/2.3.0/lib/ruby/2.3.0/x86_64-darwin16" type="simple" />
            <root url="file://$APPLICATION_HOME_DIR$/rubystubs23" type="simple" />
          </root>
        </sourcePath>
      </roots>
      <additional NORMALIZED_VERSION_STRING="ver.2.3.0p0 ( revision 53290) p0" GEMS_BIN_DIR_PATH="$USER_HOME$/.rbenv/versions/2.3.0/bin">
        <VERSION_MANAGER ID="rbenv">
          <option name="gemset-name" />
          <distribution-id>2.3.0</distribution-id>
          <version-manager-path>/usr/local/bin/rbenv</version-manager-path>
        </VERSION_MANAGER>
      </additional>
    </jdk>
    <jdk version="2">
      <name value="rbenv: 2.5.0" />
      <type value="RUBY_SDK" />
      <version value="ver.2.5.0p0 ( revision 61468) p0" />
      <homePath value="$USER_HOME$/.rbenv/versions/2.5.0/bin/ruby" />
      <roots>
        <classPath>
          <root type="composite">
            <root url="file:///usr/local/Cellar/rbenv/1.1.1/rbenv.d/exec/gem-rehash" type="simple" />
            <root url="file://$USER_HOME$/.rbenv/versions/2.5.0/lib/ruby/gems/2.5.0/gems/did_you_mean-1.2.0/lib" type="simple" />
            <root url="file://$USER_HOME$/.rbenv/versions/2.5.0/lib/ruby/site_ruby/2.5.0" type="simple" />
            <root url="file://$USER_HOME$/.rbenv/versions/2.5.0/lib/ruby/site_ruby/2.5.0/x86_64-darwin17" type="simple" />
            <root url="file://$USER_HOME$/.rbenv/versions/2.5.0/lib/ruby/site_ruby" type="simple" />
            <root url="file://$USER_HOME$/.rbenv/versions/2.5.0/lib/ruby/vendor_ruby/2.5.0" type="simple" />
            <root url="file://$USER_HOME$/.rbenv/versions/2.5.0/lib/ruby/vendor_ruby/2.5.0/x86_64-darwin17" type="simple" />
            <root url="file://$USER_HOME$/.rbenv/versions/2.5.0/lib/ruby/vendor_ruby" type="simple" />
            <root url="file://$USER_HOME$/.rbenv/versions/2.5.0/lib/ruby/2.5.0" type="simple" />
            <root url="file://$USER_HOME$/.rbenv/versions/2.5.0/lib/ruby/2.5.0/x86_64-darwin17" type="simple" />
            <root url="file://$APPLICATION_HOME_DIR$/rubystubs25" type="simple" />
          </root>
        </classPath>
        <sourcePath>
          <root type="composite">
            <root url="file:///usr/local/Cellar/rbenv/1.1.1/rbenv.d/exec/gem-rehash" type="simple" />
            <root url="file://$USER_HOME$/.rbenv/versions/2.5.0/lib/ruby/gems/2.5.0/gems/did_you_mean-1.2.0/lib" type="simple" />
            <root url="file://$USER_HOME$/.rbenv/versions/2.5.0/lib/ruby/site_ruby/2.5.0" type="simple" />
            <root url="file://$USER_HOME$/.rbenv/versions/2.5.0/lib/ruby/site_ruby/2.5.0/x86_64-darwin17" type="simple" />
            <root url="file://$USER_HOME$/.rbenv/versions/2.5.0/lib/ruby/site_ruby" type="simple" />
            <root url="file://$USER_HOME$/.rbenv/versions/2.5.0/lib/ruby/vendor_ruby/2.5.0" type="simple" />
            <root url="file://$USER_HOME$/.rbenv/versions/2.5.0/lib/ruby/vendor_ruby/2.5.0/x86_64-darwin17" type="simple" />
            <root url="file://$USER_HOME$/.rbenv/versions/2.5.0/lib/ruby/vendor_ruby" type="simple" />
            <root url="file://$USER_HOME$/.rbenv/versions/2.5.0/lib/ruby/2.5.0" type="simple" />
            <root url="file://$USER_HOME$/.rbenv/versions/2.5.0/lib/ruby/2.5.0/x86_64-darwin17" type="simple" />
            <root url="file://$APPLICATION_HOME_DIR$/rubystubs25" type="simple" />
          </root>
        </sourcePath>
      </roots>
      <additional NORMALIZED_VERSION_STRING="ver.2.5.0p0 ( revision 61468) p0" GEMS_BIN_DIR_PATH="$USER_HOME$/.rbenv/versions/2.5.0/bin">
        <VERSION_MANAGER ID="rbenv">
          <option name="gemset-name" />
          <distribution-id>2.5.0</distribution-id>
          <version-manager-path>/usr/local/bin/rbenv</version-manager-path>
        </VERSION_MANAGER>
      </additional>
    </jdk>
    <jdk version="2">
      <name value="rbenv: 2.5.1" />
      <type value="RUBY_SDK" />
      <version value="ver.2.5.1p57 ( revision 63029) p57" />
      <homePath value="$USER_HOME$/.rbenv/versions/2.5.1/bin/ruby" />
      <roots>
        <classPath>
          <root type="composite">
            <root url="file:///usr/local/Cellar/rbenv/1.1.1/rbenv.d/exec/gem-rehash" type="simple" />
            <root url="file://$USER_HOME$/.rbenv/versions/2.5.1/lib/ruby/gems/2.5.0/gems/did_you_mean-1.2.0/lib" type="simple" />
            <root url="file://$USER_HOME$/.rbenv/versions/2.5.1/lib/ruby/site_ruby/2.5.0" type="simple" />
            <root url="file://$USER_HOME$/.rbenv/versions/2.5.1/lib/ruby/site_ruby/2.5.0/x86_64-darwin17" type="simple" />
            <root url="file://$USER_HOME$/.rbenv/versions/2.5.1/lib/ruby/site_ruby" type="simple" />
            <root url="file://$USER_HOME$/.rbenv/versions/2.5.1/lib/ruby/vendor_ruby/2.5.0" type="simple" />
            <root url="file://$USER_HOME$/.rbenv/versions/2.5.1/lib/ruby/vendor_ruby/2.5.0/x86_64-darwin17" type="simple" />
            <root url="file://$USER_HOME$/.rbenv/versions/2.5.1/lib/ruby/vendor_ruby" type="simple" />
            <root url="file://$USER_HOME$/.rbenv/versions/2.5.1/lib/ruby/2.5.0" type="simple" />
            <root url="file://$USER_HOME$/.rbenv/versions/2.5.1/lib/ruby/2.5.0/x86_64-darwin17" type="simple" />
            <root url="file://$APPLICATION_HOME_DIR$/rubystubs25" type="simple" />
          </root>
        </classPath>
        <sourcePath>
          <root type="composite">
            <root url="file:///usr/local/Cellar/rbenv/1.1.1/rbenv.d/exec/gem-rehash" type="simple" />
            <root url="file://$USER_HOME$/.rbenv/versions/2.5.1/lib/ruby/gems/2.5.0/gems/did_you_mean-1.2.0/lib" type="simple" />
            <root url="file://$USER_HOME$/.rbenv/versions/2.5.1/lib/ruby/site_ruby/2.5.0" type="simple" />
            <root url="file://$USER_HOME$/.rbenv/versions/2.5.1/lib/ruby/site_ruby/2.5.0/x86_64-darwin17" type="simple" />
            <root url="file://$USER_HOME$/.rbenv/versions/2.5.1/lib/ruby/site_ruby" type="simple" />
            <root url="file://$USER_HOME$/.rbenv/versions/2.5.1/lib/ruby/vendor_ruby/2.5.0" type="simple" />
            <root url="file://$USER_HOME$/.rbenv/versions/2.5.1/lib/ruby/vendor_ruby/2.5.0/x86_64-darwin17" type="simple" />
            <root url="file://$USER_HOME$/.rbenv/versions/2.5.1/lib/ruby/vendor_ruby" type="simple" />
            <root url="file://$USER_HOME$/.rbenv/versions/2.5.1/lib/ruby/2.5.0" type="simple" />
            <root url="file://$USER_HOME$/.rbenv/versions/2.5.1/lib/ruby/2.5.0/x86_64-darwin17" type="simple" />
            <root url="file://$APPLICATION_HOME_DIR$/rubystubs25" type="simple" />
          </root>
        </sourcePath>
      </roots>
      <additional NORMALIZED_VERSION_STRING="ver.2.5.1p57 ( revision 63029) p57" GEMS_BIN_DIR_PATH="$USER_HOME$/.rbenv/versions/2.5.1/bin">
        <VERSION_MANAGER ID="rbenv">
          <option name="gemset-name" />
          <distribution-id>2.5.1</distribution-id>
          <version-manager-path>/usr/local/bin/rbenv</version-manager-path>
        </VERSION_MANAGER>
      </additional>
    </jdk>
    <jdk version="2">
      <name value="rbenv: 2.1.8" />
      <type value="RUBY_SDK" />
      <version value="ver.2.1.8p440 ( revision 53160) p440" />
      <homePath value="$USER_HOME$/.rbenv/versions/2.1.8/bin/ruby" />
      <roots>
        <classPath>
          <root type="composite">
            <root url="file:///usr/local/Cellar/rbenv/1.1.1/rbenv.d/exec/gem-rehash" type="simple" />
            <root url="file://$USER_HOME$/.rbenv/versions/2.1.8/lib/ruby/site_ruby/2.1.0" type="simple" />
            <root url="file://$USER_HOME$/.rbenv/versions/2.1.8/lib/ruby/site_ruby/2.1.0/x86_64-darwin16.0" type="simple" />
            <root url="file://$USER_HOME$/.rbenv/versions/2.1.8/lib/ruby/site_ruby" type="simple" />
            <root url="file://$USER_HOME$/.rbenv/versions/2.1.8/lib/ruby/vendor_ruby/2.1.0" type="simple" />
            <root url="file://$USER_HOME$/.rbenv/versions/2.1.8/lib/ruby/vendor_ruby/2.1.0/x86_64-darwin16.0" type="simple" />
            <root url="file://$USER_HOME$/.rbenv/versions/2.1.8/lib/ruby/vendor_ruby" type="simple" />
            <root url="file://$USER_HOME$/.rbenv/versions/2.1.8/lib/ruby/2.1.0" type="simple" />
            <root url="file://$USER_HOME$/.rbenv/versions/2.1.8/lib/ruby/2.1.0/x86_64-darwin16.0" type="simple" />
            <root url="file://$APPLICATION_HOME_DIR$/rubystubs21" type="simple" />
          </root>
        </classPath>
        <sourcePath>
          <root type="composite">
            <root url="file:///usr/local/Cellar/rbenv/1.1.1/rbenv.d/exec/gem-rehash" type="simple" />
            <root url="file://$USER_HOME$/.rbenv/versions/2.1.8/lib/ruby/site_ruby/2.1.0" type="simple" />
            <root url="file://$USER_HOME$/.rbenv/versions/2.1.8/lib/ruby/site_ruby/2.1.0/x86_64-darwin16.0" type="simple" />
            <root url="file://$USER_HOME$/.rbenv/versions/2.1.8/lib/ruby/site_ruby" type="simple" />
            <root url="file://$USER_HOME$/.rbenv/versions/2.1.8/lib/ruby/vendor_ruby/2.1.0" type="simple" />
            <root url="file://$USER_HOME$/.rbenv/versions/2.1.8/lib/ruby/vendor_ruby/2.1.0/x86_64-darwin16.0" type="simple" />
            <root url="file://$USER_HOME$/.rbenv/versions/2.1.8/lib/ruby/vendor_ruby" type="simple" />
            <root url="file://$USER_HOME$/.rbenv/versions/2.1.8/lib/ruby/2.1.0" type="simple" />
            <root url="file://$USER_HOME$/.rbenv/versions/2.1.8/lib/ruby/2.1.0/x86_64-darwin16.0" type="simple" />
            <root url="file://$APPLICATION_HOME_DIR$/rubystubs21" type="simple" />
          </root>
        </sourcePath>
      </roots>
      <additional NORMALIZED_VERSION_STRING="ver.2.1.8p440 ( revision 53160) p440" GEMS_BIN_DIR_PATH="$USER_HOME$/.rbenv/versions/2.1.8/bin">
        <VERSION_MANAGER ID="rbenv">
          <option name="gemset-name" />
          <distribution-id>2.1.8</distribution-id>
          <version-manager-path>/usr/local/bin/rbenv</version-manager-path>
        </VERSION_MANAGER>
      </additional>
    </jdk>
    <jdk version="2">
      <name value="rbenv: jruby-1.7.26" />
      <type value="JRUBY_SDK" />
      <version value="ver.1.7.26 (1.9.3p551) 69763b8 on Java HotSpot(TM) 64-Bit Server VM 1.8.0_101-b13 +jit p551" />
      <homePath value="$USER_HOME$/.rbenv/versions/jruby-1.7.26/bin/jruby" />
      <roots>
        <classPath>
          <root type="composite">
            <root url="file:///usr/local/Cellar/rbenv/1.1.1/rbenv.d/exec/gem-rehash" type="simple" />
            <root url="file://$USER_HOME$/.rbenv/versions/jruby-1.7.26/lib/ruby/shared" type="simple" />
            <root url="file://$USER_HOME$/.rbenv/versions/jruby-1.7.26/lib/ruby/1.9" type="simple" />
            <root url="jar://$USER_HOME$/.rbenv/versions/jruby-1.7.26/lib/jruby.jar!/jruby" type="simple" />
            <root url="file://$APPLICATION_HOME_DIR$/rubystubs193" type="simple" />
          </root>
        </classPath>
        <sourcePath>
          <root type="composite">
            <root url="file:///usr/local/Cellar/rbenv/1.1.1/rbenv.d/exec/gem-rehash" type="simple" />
            <root url="file://$USER_HOME$/.rbenv/versions/jruby-1.7.26/lib/ruby/shared" type="simple" />
            <root url="file://$USER_HOME$/.rbenv/versions/jruby-1.7.26/lib/ruby/1.9" type="simple" />
            <root url="jar://$USER_HOME$/.rbenv/versions/jruby-1.7.26/lib/jruby.jar!/jruby" type="simple" />
            <root url="file://$APPLICATION_HOME_DIR$/rubystubs193" type="simple" />
          </root>
        </sourcePath>
      </roots>
      <additional NORMALIZED_VERSION_STRING="ver.1.7.26 (1.9.3p551) 69763b8 on Java HotSpot(TM) 64-Bit Server VM 1.8.0_101-b13 +jit p551" GEMS_BIN_DIR_PATH="$USER_HOME$/.rbenv/versions/jruby-1.7.26/bin">
        <VERSION_MANAGER ID="rbenv">
          <option name="gemset-name" />
          <distribution-id>jruby-1.7.26</distribution-id>
          <version-manager-path>/usr/local/bin/rbenv</version-manager-path>
        </VERSION_MANAGER>
      </additional>
    </jdk>
    <jdk version="2">
      <name value="rbenv: 2.1.7" />
      <type value="RUBY_SDK" />
      <version value="ver.2.1.7p400 ( revision 51632) p400" />
      <homePath value="$USER_HOME$/.rbenv/versions/2.1.7/bin/ruby" />
      <roots>
        <classPath>
          <root type="composite">
            <root url="file:///usr/local/Cellar/rbenv/1.1.1/rbenv.d/exec/gem-rehash" type="simple" />
            <root url="file://$USER_HOME$/.rbenv/versions/2.1.7/lib/ruby/site_ruby/2.1.0" type="simple" />
            <root url="file://$USER_HOME$/.rbenv/versions/2.1.7/lib/ruby/site_ruby/2.1.0/x86_64-darwin17.0" type="simple" />
            <root url="file://$USER_HOME$/.rbenv/versions/2.1.7/lib/ruby/site_ruby" type="simple" />
            <root url="file://$USER_HOME$/.rbenv/versions/2.1.7/lib/ruby/vendor_ruby/2.1.0" type="simple" />
            <root url="file://$USER_HOME$/.rbenv/versions/2.1.7/lib/ruby/vendor_ruby/2.1.0/x86_64-darwin17.0" type="simple" />
            <root url="file://$USER_HOME$/.rbenv/versions/2.1.7/lib/ruby/vendor_ruby" type="simple" />
            <root url="file://$USER_HOME$/.rbenv/versions/2.1.7/lib/ruby/2.1.0" type="simple" />
            <root url="file://$USER_HOME$/.rbenv/versions/2.1.7/lib/ruby/2.1.0/x86_64-darwin17.0" type="simple" />
            <root url="file://$APPLICATION_HOME_DIR$/rubystubs21" type="simple" />
          </root>
        </classPath>
        <sourcePath>
          <root type="composite">
            <root url="file:///usr/local/Cellar/rbenv/1.1.1/rbenv.d/exec/gem-rehash" type="simple" />
            <root url="file://$USER_HOME$/.rbenv/versions/2.1.7/lib/ruby/site_ruby/2.1.0" type="simple" />
            <root url="file://$USER_HOME$/.rbenv/versions/2.1.7/lib/ruby/site_ruby/2.1.0/x86_64-darwin17.0" type="simple" />
            <root url="file://$USER_HOME$/.rbenv/versions/2.1.7/lib/ruby/site_ruby" type="simple" />
            <root url="file://$USER_HOME$/.rbenv/versions/2.1.7/lib/ruby/vendor_ruby/2.1.0" type="simple" />
            <root url="file://$USER_HOME$/.rbenv/versions/2.1.7/lib/ruby/vendor_ruby/2.1.0/x86_64-darwin17.0" type="simple" />
            <root url="file://$USER_HOME$/.rbenv/versions/2.1.7/lib/ruby/vendor_ruby" type="simple" />
            <root url="file://$USER_HOME$/.rbenv/versions/2.1.7/lib/ruby/2.1.0" type="simple" />
            <root url="file://$USER_HOME$/.rbenv/versions/2.1.7/lib/ruby/2.1.0/x86_64-darwin17.0" type="simple" />
            <root url="file://$APPLICATION_HOME_DIR$/rubystubs21" type="simple" />
          </root>
        </sourcePath>
      </roots>
      <additional NORMALIZED_VERSION_STRING="ver.2.1.7p400 ( revision 51632) p400" GEMS_BIN_DIR_PATH="$USER_HOME$/.rbenv/versions/2.1.7/bin">
        <VERSION_MANAGER ID="rbenv">
          <option name="gemset-name" />
          <distribution-id>2.1.7</distribution-id>
          <version-manager-path>/usr/local/bin/rbenv</version-manager-path>
        </VERSION_MANAGER>
      </additional>
    </jdk>
    <jdk version="2">
      <name value="rbenv: 2.5.3" />
      <type value="RUBY_SDK" />
      <version value="ver.2.5.3p105 ( revision 65156) p105" />
      <homePath value="$USER_HOME$/.rbenv/versions/2.5.3/bin/ruby" />
      <roots>
        <classPath>
          <root type="composite">
            <root url="file:///usr/local/Cellar/rbenv/1.1.1/rbenv.d/exec/gem-rehash" type="simple" />
            <root url="file://$USER_HOME$/.rbenv/versions/2.5.3/lib/ruby/gems/2.5.0/gems/did_you_mean-1.2.0/lib" type="simple" />
            <root url="file://$USER_HOME$/.rbenv/versions/2.5.3/lib/ruby/site_ruby/2.5.0" type="simple" />
            <root url="file://$USER_HOME$/.rbenv/versions/2.5.3/lib/ruby/site_ruby/2.5.0/x86_64-darwin18" type="simple" />
            <root url="file://$USER_HOME$/.rbenv/versions/2.5.3/lib/ruby/site_ruby" type="simple" />
            <root url="file://$USER_HOME$/.rbenv/versions/2.5.3/lib/ruby/vendor_ruby/2.5.0" type="simple" />
            <root url="file://$USER_HOME$/.rbenv/versions/2.5.3/lib/ruby/vendor_ruby/2.5.0/x86_64-darwin18" type="simple" />
            <root url="file://$USER_HOME$/.rbenv/versions/2.5.3/lib/ruby/vendor_ruby" type="simple" />
            <root url="file://$USER_HOME$/.rbenv/versions/2.5.3/lib/ruby/2.5.0" type="simple" />
            <root url="file://$USER_HOME$/.rbenv/versions/2.5.3/lib/ruby/2.5.0/x86_64-darwin18" type="simple" />
            <root url="file://$APPLICATION_HOME_DIR$/rubystubs25" type="simple" />
          </root>
        </classPath>
        <sourcePath>
          <root type="composite">
            <root url="file:///usr/local/Cellar/rbenv/1.1.1/rbenv.d/exec/gem-rehash" type="simple" />
            <root url="file://$USER_HOME$/.rbenv/versions/2.5.3/lib/ruby/gems/2.5.0/gems/did_you_mean-1.2.0/lib" type="simple" />
            <root url="file://$USER_HOME$/.rbenv/versions/2.5.3/lib/ruby/site_ruby/2.5.0" type="simple" />
            <root url="file://$USER_HOME$/.rbenv/versions/2.5.3/lib/ruby/site_ruby/2.5.0/x86_64-darwin18" type="simple" />
            <root url="file://$USER_HOME$/.rbenv/versions/2.5.3/lib/ruby/site_ruby" type="simple" />
            <root url="file://$USER_HOME$/.rbenv/versions/2.5.3/lib/ruby/vendor_ruby/2.5.0" type="simple" />
            <root url="file://$USER_HOME$/.rbenv/versions/2.5.3/lib/ruby/vendor_ruby/2.5.0/x86_64-darwin18" type="simple" />
            <root url="file://$USER_HOME$/.rbenv/versions/2.5.3/lib/ruby/vendor_ruby" type="simple" />
            <root url="file://$USER_HOME$/.rbenv/versions/2.5.3/lib/ruby/2.5.0" type="simple" />
            <root url="file://$USER_HOME$/.rbenv/versions/2.5.3/lib/ruby/2.5.0/x86_64-darwin18" type="simple" />
            <root url="file://$APPLICATION_HOME_DIR$/rubystubs25" type="simple" />
          </root>
        </sourcePath>
      </roots>
      <additional NORMALIZED_VERSION_STRING="ver.2.5.3p105 ( revision 65156) p105" GEMS_BIN_DIR_PATH="$USER_HOME$/.rbenv/versions/2.5.3/bin">
        <VERSION_MANAGER ID="rbenv">
          <option name="gemset-name" />
          <distribution-id>2.5.3</distribution-id>
          <version-manager-path>/usr/local/bin/rbenv</version-manager-path>
        </VERSION_MANAGER>
      </additional>
    </jdk>
    <jdk version="2">
      <name value="rbenv: 2.4.2" />
      <type value="RUBY_SDK" />
      <version value="ver.2.4.2p198 ( revision 59899) p198" />
      <homePath value="$USER_HOME$/.rbenv/versions/2.4.2/bin/ruby" />
      <roots>
        <classPath>
          <root type="composite">
            <root url="file:///usr/local/Cellar/rbenv/1.1.1/rbenv.d/exec/gem-rehash" type="simple" />
            <root url="file://$USER_HOME$/.rbenv/versions/2.4.2/lib/ruby/gems/2.4.0/gems/did_you_mean-1.1.0/lib" type="simple" />
            <root url="file://$USER_HOME$/.rbenv/versions/2.4.2/lib/ruby/site_ruby/2.4.0" type="simple" />
            <root url="file://$USER_HOME$/.rbenv/versions/2.4.2/lib/ruby/site_ruby/2.4.0/x86_64-darwin17" type="simple" />
            <root url="file://$USER_HOME$/.rbenv/versions/2.4.2/lib/ruby/site_ruby" type="simple" />
            <root url="file://$USER_HOME$/.rbenv/versions/2.4.2/lib/ruby/vendor_ruby/2.4.0" type="simple" />
            <root url="file://$USER_HOME$/.rbenv/versions/2.4.2/lib/ruby/vendor_ruby/2.4.0/x86_64-darwin17" type="simple" />
            <root url="file://$USER_HOME$/.rbenv/versions/2.4.2/lib/ruby/vendor_ruby" type="simple" />
            <root url="file://$USER_HOME$/.rbenv/versions/2.4.2/lib/ruby/2.4.0" type="simple" />
            <root url="file://$USER_HOME$/.rbenv/versions/2.4.2/lib/ruby/2.4.0/x86_64-darwin17" type="simple" />
            <root url="file://$APPLICATION_HOME_DIR$/rubystubs24" type="simple" />
          </root>
        </classPath>
        <sourcePath>
          <root type="composite">
            <root url="file:///usr/local/Cellar/rbenv/1.1.1/rbenv.d/exec/gem-rehash" type="simple" />
            <root url="file://$USER_HOME$/.rbenv/versions/2.4.2/lib/ruby/gems/2.4.0/gems/did_you_mean-1.1.0/lib" type="simple" />
            <root url="file://$USER_HOME$/.rbenv/versions/2.4.2/lib/ruby/site_ruby/2.4.0" type="simple" />
            <root url="file://$USER_HOME$/.rbenv/versions/2.4.2/lib/ruby/site_ruby/2.4.0/x86_64-darwin17" type="simple" />
            <root url="file://$USER_HOME$/.rbenv/versions/2.4.2/lib/ruby/site_ruby" type="simple" />
            <root url="file://$USER_HOME$/.rbenv/versions/2.4.2/lib/ruby/vendor_ruby/2.4.0" type="simple" />
            <root url="file://$USER_HOME$/.rbenv/versions/2.4.2/lib/ruby/vendor_ruby/2.4.0/x86_64-darwin17" type="simple" />
            <root url="file://$USER_HOME$/.rbenv/versions/2.4.2/lib/ruby/vendor_ruby" type="simple" />
            <root url="file://$USER_HOME$/.rbenv/versions/2.4.2/lib/ruby/2.4.0" type="simple" />
            <root url="file://$USER_HOME$/.rbenv/versions/2.4.2/lib/ruby/2.4.0/x86_64-darwin17" type="simple" />
            <root url="file://$APPLICATION_HOME_DIR$/rubystubs24" type="simple" />
          </root>
        </sourcePath>
      </roots>
      <additional NORMALIZED_VERSION_STRING="ver.2.4.2p198 ( revision 59899) p198" GEMS_BIN_DIR_PATH="$USER_HOME$/.rbenv/versions/2.4.2/bin">
        <VERSION_MANAGER ID="rbenv">
          <option name="gemset-name" />
          <distribution-id>2.4.2</distribution-id>
          <version-manager-path>/usr/local/bin/rbenv</version-manager-path>
        </VERSION_MANAGER>
      </additional>
    </jdk>
    <jdk version="2">
      <name value="rbenv: 2.4.3" />
      <type value="RUBY_SDK" />
      <version value="ver.2.4.3p205 ( revision 61247) p205" />
      <homePath value="$USER_HOME$/.rbenv/versions/2.4.3/bin/ruby" />
      <roots>
        <classPath>
          <root type="composite">
            <root url="file:///usr/local/Cellar/rbenv/1.1.1/rbenv.d/exec/gem-rehash" type="simple" />
            <root url="file://$USER_HOME$/.rbenv/versions/2.4.3/lib/ruby/gems/2.4.0/gems/did_you_mean-1.1.0/lib" type="simple" />
            <root url="file://$USER_HOME$/.rbenv/versions/2.4.3/lib/ruby/site_ruby/2.4.0" type="simple" />
            <root url="file://$USER_HOME$/.rbenv/versions/2.4.3/lib/ruby/site_ruby/2.4.0/x86_64-darwin17" type="simple" />
            <root url="file://$USER_HOME$/.rbenv/versions/2.4.3/lib/ruby/site_ruby" type="simple" />
            <root url="file://$USER_HOME$/.rbenv/versions/2.4.3/lib/ruby/vendor_ruby/2.4.0" type="simple" />
            <root url="file://$USER_HOME$/.rbenv/versions/2.4.3/lib/ruby/vendor_ruby/2.4.0/x86_64-darwin17" type="simple" />
            <root url="file://$USER_HOME$/.rbenv/versions/2.4.3/lib/ruby/vendor_ruby" type="simple" />
            <root url="file://$USER_HOME$/.rbenv/versions/2.4.3/lib/ruby/2.4.0" type="simple" />
            <root url="file://$USER_HOME$/.rbenv/versions/2.4.3/lib/ruby/2.4.0/x86_64-darwin17" type="simple" />
            <root url="file://$APPLICATION_HOME_DIR$/rubystubs24" type="simple" />
          </root>
        </classPath>
        <sourcePath>
          <root type="composite">
            <root url="file:///usr/local/Cellar/rbenv/1.1.1/rbenv.d/exec/gem-rehash" type="simple" />
            <root url="file://$USER_HOME$/.rbenv/versions/2.4.3/lib/ruby/gems/2.4.0/gems/did_you_mean-1.1.0/lib" type="simple" />
            <root url="file://$USER_HOME$/.rbenv/versions/2.4.3/lib/ruby/site_ruby/2.4.0" type="simple" />
            <root url="file://$USER_HOME$/.rbenv/versions/2.4.3/lib/ruby/site_ruby/2.4.0/x86_64-darwin17" type="simple" />
            <root url="file://$USER_HOME$/.rbenv/versions/2.4.3/lib/ruby/site_ruby" type="simple" />
            <root url="file://$USER_HOME$/.rbenv/versions/2.4.3/lib/ruby/vendor_ruby/2.4.0" type="simple" />
            <root url="file://$USER_HOME$/.rbenv/versions/2.4.3/lib/ruby/vendor_ruby/2.4.0/x86_64-darwin17" type="simple" />
            <root url="file://$USER_HOME$/.rbenv/versions/2.4.3/lib/ruby/vendor_ruby" type="simple" />
            <root url="file://$USER_HOME$/.rbenv/versions/2.4.3/lib/ruby/2.4.0" type="simple" />
            <root url="file://$USER_HOME$/.rbenv/versions/2.4.3/lib/ruby/2.4.0/x86_64-darwin17" type="simple" />
            <root url="file://$APPLICATION_HOME_DIR$/rubystubs24" type="simple" />
          </root>
        </sourcePath>
      </roots>
      <additional NORMALIZED_VERSION_STRING="ver.2.4.3p205 ( revision 61247) p205" GEMS_BIN_DIR_PATH="$USER_HOME$/.rbenv/versions/2.4.3/bin">
        <VERSION_MANAGER ID="rbenv">
          <option name="gemset-name" />
          <distribution-id>2.4.3</distribution-id>
          <version-manager-path>/usr/local/bin/rbenv</version-manager-path>
        </VERSION_MANAGER>
      </additional>
    </jdk>
    <jdk version="2">
      <name value="rbenv: 2.6.3" />
      <type value="RUBY_SDK" />
      <version value="ver.2.6.3p62 ( revision 67580) p62" />
      <homePath value="$USER_HOME$/.rbenv/versions/2.6.3/bin/ruby" />
      <roots>
        <classPath>
          <root type="composite">
            <root url="file:///usr/local/Cellar/rbenv/1.1.2/rbenv.d/exec/gem-rehash" type="simple" />
            <root url="file://$USER_HOME$/.rbenv/versions/2.6.3/lib/ruby/gems/2.6.0/gems/did_you_mean-1.3.0/lib" type="simple" />
            <root url="file://$USER_HOME$/.rbenv/versions/2.6.3/lib/ruby/site_ruby/2.6.0" type="simple" />
            <root url="file://$USER_HOME$/.rbenv/versions/2.6.3/lib/ruby/site_ruby/2.6.0/x86_64-darwin18" type="simple" />
            <root url="file://$USER_HOME$/.rbenv/versions/2.6.3/lib/ruby/site_ruby" type="simple" />
            <root url="file://$USER_HOME$/.rbenv/versions/2.6.3/lib/ruby/vendor_ruby/2.6.0" type="simple" />
            <root url="file://$USER_HOME$/.rbenv/versions/2.6.3/lib/ruby/vendor_ruby/2.6.0/x86_64-darwin18" type="simple" />
            <root url="file://$USER_HOME$/.rbenv/versions/2.6.3/lib/ruby/vendor_ruby" type="simple" />
            <root url="file://$USER_HOME$/.rbenv/versions/2.6.3/lib/ruby/2.6.0" type="simple" />
            <root url="file://$USER_HOME$/.rbenv/versions/2.6.3/lib/ruby/2.6.0/x86_64-darwin18" type="simple" />
            <root url="file://$APPLICATION_HOME_DIR$/rubystubs26" type="simple" />
          </root>
        </classPath>
        <sourcePath>
          <root type="composite">
            <root url="file:///usr/local/Cellar/rbenv/1.1.2/rbenv.d/exec/gem-rehash" type="simple" />
            <root url="file://$USER_HOME$/.rbenv/versions/2.6.3/lib/ruby/gems/2.6.0/gems/did_you_mean-1.3.0/lib" type="simple" />
            <root url="file://$USER_HOME$/.rbenv/versions/2.6.3/lib/ruby/site_ruby/2.6.0" type="simple" />
            <root url="file://$USER_HOME$/.rbenv/versions/2.6.3/lib/ruby/site_ruby/2.6.0/x86_64-darwin18" type="simple" />
            <root url="file://$USER_HOME$/.rbenv/versions/2.6.3/lib/ruby/site_ruby" type="simple" />
            <root url="file://$USER_HOME$/.rbenv/versions/2.6.3/lib/ruby/vendor_ruby/2.6.0" type="simple" />
            <root url="file://$USER_HOME$/.rbenv/versions/2.6.3/lib/ruby/vendor_ruby/2.6.0/x86_64-darwin18" type="simple" />
            <root url="file://$USER_HOME$/.rbenv/versions/2.6.3/lib/ruby/vendor_ruby" type="simple" />
            <root url="file://$USER_HOME$/.rbenv/versions/2.6.3/lib/ruby/2.6.0" type="simple" />
            <root url="file://$USER_HOME$/.rbenv/versions/2.6.3/lib/ruby/2.6.0/x86_64-darwin18" type="simple" />
            <root url="file://$APPLICATION_HOME_DIR$/rubystubs26" type="simple" />
          </root>
        </sourcePath>
      </roots>
      <additional NORMALIZED_VERSION_STRING="ver.2.6.3p62 ( revision 67580) p62" GEMS_BIN_DIR_PATH="$USER_HOME$/.rbenv/versions/2.6.3/bin">
        <VERSION_MANAGER ID="rbenv">
          <option name="gemset-name" />
          <distribution-id>2.6.3</distribution-id>
          <version-manager-path>/usr/local/bin/rbenv</version-manager-path>
        </VERSION_MANAGER>
      </additional>
    </jdk>
    <jdk version="2">
      <name value="rbenv: 2.6.2" />
      <type value="RUBY_SDK" />
      <version value="ver.2.6.2p47 ( revision 67232) p47" />
      <homePath value="$USER_HOME$/.rbenv/versions/2.6.2/bin/ruby" />
      <roots>
        <classPath>
          <root type="composite">
            <root url="file:///usr/local/Cellar/rbenv/1.1.2/rbenv.d/exec/gem-rehash" type="simple" />
            <root url="file://$USER_HOME$/.rbenv/versions/2.6.2/lib/ruby/gems/2.6.0/gems/did_you_mean-1.3.0/lib" type="simple" />
            <root url="file://$USER_HOME$/.rbenv/versions/2.6.2/lib/ruby/site_ruby/2.6.0" type="simple" />
            <root url="file://$USER_HOME$/.rbenv/versions/2.6.2/lib/ruby/site_ruby/2.6.0/x86_64-darwin18" type="simple" />
            <root url="file://$USER_HOME$/.rbenv/versions/2.6.2/lib/ruby/site_ruby" type="simple" />
            <root url="file://$USER_HOME$/.rbenv/versions/2.6.2/lib/ruby/vendor_ruby/2.6.0" type="simple" />
            <root url="file://$USER_HOME$/.rbenv/versions/2.6.2/lib/ruby/vendor_ruby/2.6.0/x86_64-darwin18" type="simple" />
            <root url="file://$USER_HOME$/.rbenv/versions/2.6.2/lib/ruby/vendor_ruby" type="simple" />
            <root url="file://$USER_HOME$/.rbenv/versions/2.6.2/lib/ruby/2.6.0" type="simple" />
            <root url="file://$USER_HOME$/.rbenv/versions/2.6.2/lib/ruby/2.6.0/x86_64-darwin18" type="simple" />
            <root url="file://$APPLICATION_HOME_DIR$/rubystubs26" type="simple" />
          </root>
        </classPath>
        <sourcePath>
          <root type="composite">
            <root url="file:///usr/local/Cellar/rbenv/1.1.2/rbenv.d/exec/gem-rehash" type="simple" />
            <root url="file://$USER_HOME$/.rbenv/versions/2.6.2/lib/ruby/gems/2.6.0/gems/did_you_mean-1.3.0/lib" type="simple" />
            <root url="file://$USER_HOME$/.rbenv/versions/2.6.2/lib/ruby/site_ruby/2.6.0" type="simple" />
            <root url="file://$USER_HOME$/.rbenv/versions/2.6.2/lib/ruby/site_ruby/2.6.0/x86_64-darwin18" type="simple" />
            <root url="file://$USER_HOME$/.rbenv/versions/2.6.2/lib/ruby/site_ruby" type="simple" />
            <root url="file://$USER_HOME$/.rbenv/versions/2.6.2/lib/ruby/vendor_ruby/2.6.0" type="simple" />
            <root url="file://$USER_HOME$/.rbenv/versions/2.6.2/lib/ruby/vendor_ruby/2.6.0/x86_64-darwin18" type="simple" />
            <root url="file://$USER_HOME$/.rbenv/versions/2.6.2/lib/ruby/vendor_ruby" type="simple" />
            <root url="file://$USER_HOME$/.rbenv/versions/2.6.2/lib/ruby/2.6.0" type="simple" />
            <root url="file://$USER_HOME$/.rbenv/versions/2.6.2/lib/ruby/2.6.0/x86_64-darwin18" type="simple" />
            <root url="file://$APPLICATION_HOME_DIR$/rubystubs26" type="simple" />
          </root>
        </sourcePath>
      </roots>
      <additional NORMALIZED_VERSION_STRING="ver.2.6.2p47 ( revision 67232) p47" GEMS_BIN_DIR_PATH="$USER_HOME$/.rbenv/versions/2.6.2/bin">
        <VERSION_MANAGER ID="rbenv">
          <option name="gemset-name" />
          <distribution-id>2.6.2</distribution-id>
          <version-manager-path>/usr/local/bin/rbenv</version-manager-path>
        </VERSION_MANAGER>
      </additional>
    </jdk>
  </component>
</application>