<application>
  <component name="VimSettings">
    <state version="4" enabled="true" />
    <globalmarks />
    <filemarks>
      <file name="$USER_HOME$/rista/joblist/admin/app/mailers/admin/entry_mailer.rb" timestamp="1545974214644">
        <mark key="[" line="11" column="12" />
        <mark key="]" line="8" column="14" />
        <mark key="^" line="8" column="14" />
        <mark key="." line="8" column="14" />
      </file>
      <file name="$USER_HOME$/.ghq/github.com/rista-inc/joblist-magazine/app/javascript/stylesheets/_modules.css" timestamp="1552636727634">
        <mark key="[" line="21" column="50" />
        <mark key="]" line="21" column="50" />
        <mark key="^" line="21" column="50" />
        <mark key="." line="21" column="50" />
      </file>
      <file name="$USER_HOME$/.ghq/github.com/rista-inc/joblist/lib/autoload/crawler/crawler/evolva.rb" timestamp="1553748100658">
        <mark key="[" line="2" column="4" />
        <mark key="]" line="2" column="13" />
        <mark key="." line="2" column="13" />
        <mark key="^" line="2" column="13" />
      </file>
      <file name="$USER_HOME$/.ghq/github.com/rista-inc/joblist/lib/autoload/crawler/crawler/base.rb" timestamp="1553748385855">
        <mark key="'" line="28" column="38" />
        <mark key="[" line="24" column="18" />
        <mark key="]" line="24" column="22" />
        <mark key="^" line="24" column="22" />
        <mark key="." line="24" column="22" />
      </file>
      <file name="$USER_HOME$/.ghq/github.com/rista-inc/joblist/admin/config/routes.rb" timestamp="1552288587706">
        <mark key="[" line="169" column="30" />
        <mark key="]" line="169" column="31" />
        <mark key="^" line="169" column="31" />
        <mark key="." line="169" column="31" />
      </file>
      <file name="$USER_HOME$/.ghq/github.com/rista-inc/joblist-magazine/app/javascript/stylesheets/modules/_article_needle.css" timestamp="1552636952975">
        <mark key="[" line="14" column="0" />
        <mark key="]" line="17" column="5" />
      </file>
      <file name="$USER_HOME$/.ghq/github.com/rista-inc/joblist-magazine/app/javascript/stylesheets/amp/application.css" timestamp="1552638069186">
        <mark key="'" line="15" column="51" />
        <mark key="[" line="15" column="0" />
        <mark key="]" line="15" column="0" />
        <mark key="." line="15" column="0" />
      </file>
      <file name="$USER_HOME$/.ghq/github.com/rista-inc/joblist-magazine/app/models/figure.rb" timestamp="1552616660938">
        <mark key="[" line="4" column="3" />
        <mark key="]" line="4" column="2" />
        <mark key="." line="4" column="2" />
        <mark key="^" line="4" column="2" />
      </file>
      <file name="$USER_HOME$/.ghq/github.com/rista-inc/joblist-magazine/app/views/layouts/application.html+amp.haml" timestamp="1552638415028">
        <mark key="[" line="13" column="0" />
        <mark key="]" line="14" column="94" />
      </file>
      <file name="$USER_HOME$/rista/joblist/app/mailers/entry_mailer.rb" timestamp="1545974911760">
        <mark key="[" line="7" column="9" />
        <mark key="]" line="7" column="9" />
        <mark key="." line="7" column="9" />
        <mark key="^" line="7" column="43" />
      </file>
      <file name="$USER_HOME$/.ghq/github.com/rista-inc/joblist/admin/app/controllers/admin/entries_controller.rb" timestamp="1552289645120">
        <mark key="[" line="58" column="32" />
        <mark key="]" line="58" column="31" />
        <mark key="." line="58" column="31" />
        <mark key="^" line="58" column="31" />
      </file>
      <file name="$USER_HOME$/.ghq/github.com/rista-inc/joblist-magazine/app/views/fixed_parts/_download_link.html.haml" timestamp="1552638703737">
        <mark key="'" line="13" column="12" />
        <mark key="[" line="23" column="0" />
        <mark key="]" line="23" column="0" />
        <mark key="^" line="23" column="5" />
        <mark key="." line="23" column="0" />
      </file>
      <file name="$USER_HOME$/.ghq/github.com/rista-inc/joblist-magazine/app/javascript/stylesheets/modules/_article_body.css" timestamp="1552639698340">
        <mark key="'" line="259" column="0" />
        <mark key="[" line="258" column="1" />
        <mark key="]" line="259" column="0" />
        <mark key="." line="259" column="0" />
        <mark key="^" line="259" column="0" />
      </file>
      <file name="$USER_HOME$/.ghq/github.com/rista-inc/joblist-magazine/app/views/fixed_parts/_fixed_part.html.haml" timestamp="1552634873697">
        <mark key="[" line="0" column="10" />
        <mark key="]" line="0" column="25" />
        <mark key="." line="0" column="25" />
        <mark key="^" line="0" column="25" />
      </file>
      <file name="$USER_HOME$/.ghq/github.com/rista-inc/joblist-magazine/app/views/layouts/_layout_template.html.haml" timestamp="1552623425150">
        <mark key="[" line="0" column="0" />
      </file>
      <file name="$USER_HOME$/.ghq/github.com/rista-inc/joblist-magazine/app/controllers/admin/articles/sections_controller.rb" timestamp="1552633633151">
        <mark key="'" line="62" column="0" />
        <mark key="[" line="92" column="35" />
        <mark key="]" line="92" column="34" />
        <mark key="." line="92" column="34" />
        <mark key="^" line="92" column="34" />
      </file>
      <file name="$USER_HOME$/.ghq/github.com/rista-inc/joblist-magazine/app/views/admin/articles/sections/_form.html.haml" timestamp="1552633376551">
        <mark key="[" line="43" column="43" />
        <mark key="]" line="43" column="52" />
        <mark key="." line="43" column="52" />
        <mark key="^" line="43" column="52" />
      </file>
      <file name="$USER_HOME$/.ghq/github.com/rista-inc/joblist/admin/app/controllers/admin/staff/crawl_sites_controller.rb" timestamp="1554102256964">
        <mark key="[" line="8" column="21" />
        <mark key="]" line="8" column="21" />
        <mark key="." line="8" column="21" />
        <mark key="^" line="8" column="21" />
      </file>
      <file name="$USER_HOME$/.ghq/github.com/rista-inc/joblist-magazine/app/views/authors/_author.html.haml" timestamp="1552634986833">
        <mark key="[" line="2" column="0" />
        <mark key="]" line="5" column="60" />
      </file>
      <file name="$USER_HOME$/rista/joblist/lib/autoload/google_place_client.rb" timestamp="1545897448717">
        <mark key="[" line="25" column="22" />
        <mark key="]" line="25" column="18" />
        <mark key="." line="25" column="18" />
        <mark key="^" line="25" column="18" />
      </file>
      <file name="/Dummy.txt" timestamp="1558154946363">
        <mark key="[" line="0" column="0" />
      </file>
      <file name="$USER_HOME$/rista/joblist/admin/app/controllers/admin/staff/shops/poster_shop_official_shops_controller.rb" timestamp="1552288100556">
        <mark key="[" line="20" column="0" />
        <mark key="]" line="19" column="3" />
        <mark key="^" line="19" column="3" />
        <mark key="." line="19" column="3" />
      </file>
      <file name="$USER_HOME$/rista/tmp/associate_official_shop/old/1221_seach_by_*4csv/count_un_match_files.rb" timestamp="1545381400350">
        <mark key="[" line="4" column="45" />
        <mark key="]" line="4" column="44" />
        <mark key="." line="4" column="44" />
        <mark key="^" line="4" column="44" />
      </file>
      <file name="$USER_HOME$/.ghq/github.com/rista-inc/joblist/lib/autoload/crawler/crawler/driver_job.rb" timestamp="1552294816658">
        <mark key="[" line="17" column="0" />
        <mark key="]" line="17" column="0" />
        <mark key="." line="17" column="0" />
        <mark key="^" line="17" column="0" />
      </file>
      <file name="$USER_HOME$/.ghq/github.com/rista-inc/joblist/admin/app/controllers/admin/staff/companies_controller.rb" timestamp="1554102249824">
        <mark key="[" line="10" column="19" />
        <mark key="]" line="10" column="25" />
        <mark key="." line="10" column="25" />
        <mark key="^" line="10" column="25" />
      </file>
      <file name="$USER_HOME$/.ghq/github.com/rista-inc/joblist/admin/app/views/layouts/admin/_menu.html.haml" timestamp="1552288738436">
        <mark key="[" line="44" column="26" />
        <mark key="]" line="44" column="26" />
        <mark key="^" line="44" column="96" />
        <mark key="." line="44" column="26" />
      </file>
      <file name="$USER_HOME$/.ghq/github.com/rista-inc/joblist-magazine/app/models/layout_template.rb" timestamp="1552631595631">
        <mark key="[" line="11" column="0" />
        <mark key="]" line="11" column="0" />
        <mark key="." line="11" column="0" />
        <mark key="^" line="11" column="1" />
      </file>
      <file name="$USER_HOME$/.ghq/github.com/rista-inc/joblist-magazine/config/settings.yml" timestamp="1552635970111">
        <mark key="[" line="13" column="6" />
        <mark key="]" line="15" column="0" />
        <mark key="." line="15" column="14" />
      </file>
      <file name="$USER_HOME$/.ghq/github.com/rista-inc/joblist-magazine/app/javascript/stylesheets/layouts/_footer.css" timestamp="1552638891887">
        <mark key="[" line="7" column="0" />
        <mark key="]" line="9" column="5" />
      </file>
      <file name="$USER_HOME$/.ghq/github.com/rista-inc/joblist-magazine/app/models/layout_figure.rb" timestamp="1552616883469">
        <mark key="[" line="3" column="0" />
        <mark key="]" line="3" column="0" />
        <mark key="." line="3" column="0" />
      </file>
      <file name="$USER_HOME$/.ghq/github.com/rista-inc/joblist-magazine/app/models/fixed_part.rb" timestamp="1552632912379">
        <mark key="[" line="3" column="0" />
        <mark key="]" line="6" column="20" />
        <mark key="." line="6" column="20" />
        <mark key="^" line="6" column="20" />
      </file>
      <file name="$USER_HOME$/.ghq/github.com/rista-inc/joblist-magazine/db/migrate/20190315014908_create_layout_templates.rb" timestamp="1552617113784">
        <mark key="[" line="11" column="0" />
        <mark key="]" line="11" column="0" />
        <mark key="^" line="5" column="27" />
        <mark key="." line="11" column="0" />
      </file>
      <file name="$USER_HOME$/rista/joblist/lib/autoload/tmp_assciate_official_poster.rb" timestamp="1545710587778">
        <mark key="[" line="0" column="0" />
        <mark key="]" line="0" column="11" />
        <mark key="^" line="0" column="11" />
        <mark key="." line="0" column="11" />
      </file>
      <file name="$USER_HOME$/.ghq/github.com/rista-inc/joblist/lib/autoload/http_request.rb" timestamp="1553748461820">
        <mark key="[" line="47" column="13" />
        <mark key="]" line="48" column="16" />
        <mark key="." line="48" column="16" />
        <mark key="^" line="48" column="16" />
      </file>
      <file name="$USER_HOME$/.ghq/github.com/rista-inc/joblist-magazine/app/helpers/amp_helper.rb" timestamp="1552612737466">
        <mark key="[" line="0" column="7" />
        <mark key="]" line="0" column="6" />
        <mark key="." line="0" column="6" />
        <mark key="^" line="0" column="6" />
      </file>
      <file name="$USER_HOME$/.ghq/github.com/rista-inc/joblist/admin/app/controllers/admin/staff/posters_controller.rb" timestamp="1552291065691">
        <mark key="[" line="8" column="38" />
        <mark key="]" line="8" column="44" />
        <mark key="." line="8" column="44" />
        <mark key="^" line="8" column="44" />
      </file>
      <file name="$USER_HOME$/rista/joblist/config/environments/development.rb" timestamp="1545975017629">
        <mark key="[" line="34" column="0" />
        <mark key="]" line="34" column="82" />
        <mark key="." line="34" column="77" />
        <mark key="^" line="34" column="77" />
      </file>
      <file name="$USER_HOME$/.ghq/github.com/rista-inc/joblist-magazine/app/models/balloon.rb" timestamp="1552632904296">
        <mark key="'" line="7" column="3" />
        <mark key="[" line="1" column="0" />
        <mark key="]" line="1" column="21" />
        <mark key="^" line="6" column="1" />
        <mark key="." line="6" column="1" />
      </file>
      <file name="$USER_HOME$/.ghq/github.com/rista-inc/joblist-magazine/db/migrate/20190315021139_layout_figures.rb" timestamp="1552616280496">
        <mark key="[" line="0" column="6" />
        <mark key="]" line="0" column="11" />
        <mark key="." line="0" column="11" />
        <mark key="^" line="0" column="11" />
      </file>
      <file name="$USER_HOME$/.ghq/github.com/rista-inc/joblist-magazine/db/migrate/20190315021139_create_layout_figures.rb" timestamp="1552616419406">
        <mark key="[" line="5" column="0" />
        <mark key="]" line="5" column="0" />
        <mark key="." line="5" column="0" />
        <mark key="^" line="5" column="0" />
      </file>
      <file name="$USER_HOME$/.ghq/github.com/rista-inc/joblist-magazine/db/migrate/20190315064440_create_fixed_parts.rb" timestamp="1552632454808">
        <mark key="[" line="6" column="0" />
        <mark key="]" line="6" column="0" />
        <mark key="^" line="3" column="5" />
        <mark key="." line="6" column="0" />
      </file>
      <file name="$USER_HOME$/.ghq/github.com/rista-inc/joblist/lib/autoload/crawler/parser/evolva.rb" timestamp="1553747851351">
        <mark key="[" line="4" column="0" />
        <mark key="]" line="4" column="0" />
        <mark key="^" line="2" column="3" />
        <mark key="." line="4" column="0" />
      </file>
      <file name="$USER_HOME$/.ghq/github.com/rista-inc/joblist-magazine/app/models/application_record.rb" timestamp="1552632486278">
        <mark key="[" line="1" column="0" />
        <mark key="]" line="1" column="0" />
        <mark key="." line="1" column="0" />
      </file>
      <file name="$USER_HOME$/.ghq/github.com/rista-inc/joblist-magazine/app/models/section.rb" timestamp="1552634665850">
        <mark key="[" line="27" column="16" />
        <mark key="]" line="28" column="18" />
        <mark key="^" line="28" column="18" />
        <mark key="." line="28" column="18" />
      </file>
      <file name="$USER_HOME$/.ghq/github.com/rista-inc/joblist-magazine/Gemfile" timestamp="1552616597996">
        <mark key="'" line="21" column="25" />
        <mark key="[" line="62" column="11" />
        <mark key="]" line="63" column="15" />
        <mark key="^" line="63" column="15" />
        <mark key="." line="63" column="15" />
      </file>
    </filemarks>
    <jumps>
      <jump line="80" column="20" filename="$USER_HOME$/rista/joblist/lib/tasks/tmp/associate_official_shop.rake" />
      <jump line="101" column="30" filename="$USER_HOME$/rista/joblist/lib/tasks/tmp/associate_official_shop.rake" />
      <jump line="96" column="32" filename="$USER_HOME$/rista/joblist/lib/tasks/tmp/associate_official_shop.rake" />
      <jump line="145" column="6" filename="$USER_HOME$/rista/joblist/lib/tasks/tmp/associate_official_shop.rake" />
      <jump line="9" column="39" filename="$USER_HOME$/rista/joblist/lib/tasks/tmp/associate_official_shop.rake" />
      <jump line="26" column="34" filename="$USER_HOME$/rista/joblist/lib/tasks/tmp/associate_official_shop.rake" />
      <jump line="45" column="20" filename="$USER_HOME$/rista/joblist/lib/tasks/tmp/associate_official_shop.rake" />
      <jump line="64" column="8" filename="$USER_HOME$/rista/joblist/lib/tasks/tmp/associate_official_shop.rake" />
      <jump line="98" column="6" filename="$USER_HOME$/rista/joblist/lib/tasks/tmp/associate_official_shop.rake" />
      <jump line="103" column="6" filename="$USER_HOME$/rista/joblist/lib/tasks/tmp/associate_official_shop.rake" />
      <jump line="17" column="29" filename="$USER_HOME$/rista/tmp/associate_official_shop/old/1221_seach_by_4csv/count_un_match_files.rb" />
      <jump line="47" column="159" filename="$USER_HOME$/rista/joblist/lib/tasks/tmp/associate_official_shop.rake" />
      <jump line="82" column="17" filename="$USER_HOME$/rista/joblist/lib/tasks/tmp/associate_official_shop.rake" />
      <jump line="206" column="5" filename="$USER_HOME$/rista/joblist/lib/tasks/tmp/associate_official_shop.rake" />
      <jump line="44" column="17" filename="$USER_HOME$/rista/joblist/lib/tasks/tmp/associate_official_shop.rake" />
      <jump line="79" column="17" filename="$USER_HOME$/rista/joblist/lib/tasks/tmp/associate_official_shop.rake" />
      <jump line="193" column="6" filename="$USER_HOME$/rista/joblist/lib/tasks/tmp/associate_official_shop.rake" />
      <jump line="130" column="8" filename="$USER_HOME$/rista/joblist/lib/tasks/tmp/associate_official_shop.rake" />
      <jump line="120" column="32" filename="$USER_HOME$/rista/joblist/lib/tasks/tmp/associate_official_shop.rake" />
      <jump line="138" column="19" filename="$USER_HOME$/rista/joblist/lib/tasks/tmp/associate_official_shop.rake" />
      <jump line="143" column="21" filename="$USER_HOME$/rista/joblist/lib/tasks/tmp/associate_official_shop.rake" />
      <jump line="134" column="32" filename="$USER_HOME$/rista/joblist/lib/tasks/tmp/associate_official_shop.rake" />
      <jump line="107" column="4" filename="$USER_HOME$/rista/joblist/lib/tasks/tmp/associate_official_shop.rake" />
      <jump line="117" column="30" filename="$USER_HOME$/rista/joblist/lib/tasks/tmp/associate_official_shop.rake" />
      <jump line="61" column="11" filename="$USER_HOME$/rista/joblist/lib/tasks/tmp/associate_official_shop.rake" />
      <jump line="17" column="4" filename="$USER_HOME$/rista/joblist/lib/tasks/tmp/associate_official_shop.rake" />
      <jump line="65" column="8" filename="$USER_HOME$/rista/joblist/lib/tasks/tmp/associate_official_shop.rake" />
      <jump line="11" column="8" filename="$USER_HOME$/rista/joblist/lib/tasks/tmp/associate_official_shop.rake" />
      <jump line="54" column="33" filename="$USER_HOME$/rista/joblist/lib/tasks/tmp/associate_official_shop.rake" />
      <jump line="89" column="33" filename="$USER_HOME$/rista/joblist/lib/tasks/tmp/associate_official_shop.rake" />
      <jump line="10" column="29" filename="$USER_HOME$/rista/joblist/lib/tasks/tmp/associate_official_shop.rake" />
      <jump line="18" column="29" filename="$USER_HOME$/rista/joblist/lib/tasks/tmp/associate_official_shop.rake" />
      <jump line="114" column="0" filename="$USER_HOME$/rista/joblist/lib/tasks/tmp/associate_official_shop.rake" />
      <jump line="5" column="39" filename="$USER_HOME$/rista/joblist/lib/autoload/tmp_associate_official_poster.rb" />
      <jump line="1080" column="19" filename="$APPLICATION_HOME_DIR$/rubystubs25/file.rb" />
      <jump line="1105" column="20" filename="$APPLICATION_HOME_DIR$/rubystubs25/file.rb" />
      <jump line="484" column="20" filename="$APPLICATION_HOME_DIR$/rubystubs25/file.rb" />
      <jump line="1091" column="25" filename="$APPLICATION_HOME_DIR$/rubystubs25/file.rb" />
      <jump line="19" column="0" filename="$USER_HOME$/rista/joblist/lib/autoload/tmp_associate_official_poster.rb" />
      <jump line="2" column="71" filename="$USER_HOME$/rista/joblist/lib/autoload/tmp_associate_official_poster.rb" />
      <jump line="63" column="72" filename="$USER_HOME$/rista/joblist/lib/autoload/tmp_associate_official_poster.rb" />
      <jump line="13" column="6" filename="$USER_HOME$/rista/joblist/lib/autoload/tmp_associate_official_poster.rb" />
      <jump line="6" column="10" filename="$USER_HOME$/rista/joblist/lib/autoload/tmp_associate_official_poster.rb" />
      <jump line="24" column="0" filename="$USER_HOME$/rista/joblist/lib/autoload/tmp_associate_official_poster.rb" />
      <jump line="78" column="0" filename="$USER_HOME$/rista/joblist/lib/autoload/tmp_associate_official_poster.rb" />
      <jump line="77" column="4" filename="$USER_HOME$/rista/joblist/lib/autoload/tmp_associate_official_poster.rb" />
      <jump line="79" column="6" filename="$USER_HOME$/rista/joblist/lib/autoload/tmp_associate_official_poster.rb" />
      <jump line="54" column="8" filename="$USER_HOME$/rista/joblist/lib/autoload/tmp_associate_official_poster.rb" />
      <jump line="76" column="26" filename="$USER_HOME$/rista/joblist/lib/autoload/tmp_associate_official_poster.rb" />
      <jump line="95" column="3" filename="$USER_HOME$/rista/joblist/lib/autoload/tmp_associate_official_poster.rb" />
      <jump line="34" column="4" filename="$USER_HOME$/rista/joblist/lib/autoload/tmp_associate_official_poster.rb" />
      <jump line="41" column="4" filename="$USER_HOME$/rista/joblist/lib/autoload/tmp_associate_official_poster.rb" />
      <jump line="113" column="17" filename="$USER_HOME$/rista/joblist/lib/autoload/tmp_associate_official_poster.rb" />
      <jump line="108" column="16" filename="$USER_HOME$/rista/joblist/lib/autoload/tmp_associate_official_poster.rb" />
      <jump line="126" column="5" filename="$USER_HOME$/rista/joblist/lib/autoload/tmp_associate_official_poster.rb" />
      <jump line="130" column="14" filename="$USER_HOME$/rista/joblist/lib/autoload/tmp_associate_official_poster.rb" />
      <jump line="31" column="10" filename="$USER_HOME$/rista/joblist/lib/autoload/tmp_associate_official_poster.rb" />
      <jump line="38" column="10" filename="$USER_HOME$/rista/joblist/lib/autoload/tmp_associate_official_poster.rb" />
      <jump line="121" column="15" filename="$USER_HOME$/rista/joblist/lib/autoload/tmp_associate_official_poster.rb" />
      <jump line="142" column="0" filename="$USER_HOME$/rista/joblist/lib/autoload/tmp_associate_official_poster.rb" />
      <jump line="70" column="10" filename="$USER_HOME$/rista/joblist/lib/autoload/tmp_associate_official_poster.rb" />
      <jump line="122" column="2" filename="$USER_HOME$/rista/joblist/lib/autoload/tmp_associate_official_poster.rb" />
      <jump line="129" column="14" filename="$USER_HOME$/rista/joblist/lib/autoload/tmp_associate_official_poster.rb" />
      <jump line="17" column="5" filename="$USER_HOME$/rista/joblist/lib/autoload/tmp_associate_official_poster.rb" />
      <jump line="69" column="6" filename="$USER_HOME$/rista/joblist/lib/autoload/tmp_associate_official_poster.rb" />
      <jump line="117" column="2" filename="$USER_HOME$/rista/joblist/lib/autoload/tmp_associate_official_poster.rb" />
      <jump line="116" column="11" filename="$USER_HOME$/rista/joblist/lib/autoload/tmp_associate_official_poster.rb" />
      <jump line="35" column="9" filename="$USER_HOME$/rista/joblist/lib/autoload/tmp_associate_official_poster.rb" />
      <jump line="42" column="9" filename="$USER_HOME$/rista/joblist/lib/autoload/tmp_associate_official_poster.rb" />
      <jump line="119" column="0" filename="$USER_HOME$/rista/joblist/lib/autoload/tmp_associate_official_poster.rb" />
      <jump line="120" column="6" filename="$USER_HOME$/rista/joblist/lib/autoload/tmp_associate_official_poster.rb" />
      <jump line="112" column="0" filename="$USER_HOME$/rista/joblist/lib/autoload/tmp_associate_official_poster.rb" />
      <jump line="125" column="24" filename="$USER_HOME$/rista/joblist/lib/autoload/tmp_associate_official_poster.rb" />
      <jump line="7" column="2" filename="$USER_HOME$/rista/joblist/lib/autoload/tmp_associate_official_poster.rb" />
      <jump line="124" column="44" filename="$USER_HOME$/rista/joblist/lib/autoload/tmp_associate_official_poster.rb" />
      <jump line="91" column="63" filename="$USER_HOME$/rista/joblist/lib/autoload/tmp_associate_official_poster.rb" />
      <jump line="93" column="0" filename="$USER_HOME$/rista/joblist/lib/autoload/tmp_associate_official_poster.rb" />
      <jump line="9" column="25" filename="$USER_HOME$/rista/joblist/app/controllers/entries_controller.rb" />
      <jump line="57" column="6" filename="$USER_HOME$/rista/joblist/app/controllers/entries_controller.rb" />
      <jump line="55" column="14" filename="$USER_HOME$/rista/joblist/app/controllers/entries_controller.rb" />
      <jump line="0" column="0" filename="$USER_HOME$/rista/joblist/config/environments/production.rb" />
      <jump line="23" column="101" filename="$USER_HOME$/.ghq/github.com/rista-inc/joblist/admin/app/views/admin/staff/posters/index.html.haml" />
      <jump line="24" column="47" filename="$USER_HOME$/.ghq/github.com/rista-inc/joblist/admin/app/views/admin/staff/posters/index.html.haml" />
      <jump line="27" column="45" filename="$USER_HOME$/.ghq/github.com/rista-inc/joblist/admin/app/views/admin/staff/posters/index.html.haml" />
      <jump line="26" column="25" filename="$USER_HOME$/.ghq/github.com/rista-inc/joblist/admin/app/views/admin/staff/posters/index.html.haml" />
      <jump line="21" column="23" filename="$USER_HOME$/.ghq/github.com/rista-inc/joblist/admin/app/views/admin/staff/posters/index.html.haml" />
      <jump line="30" column="24" filename="$USER_HOME$/.ghq/github.com/rista-inc/joblist/admin/app/views/admin/staff/posters/index.html.haml" />
      <jump line="21" column="25" filename="$USER_HOME$/.ghq/github.com/rista-inc/joblist-magazine/Gemfile" />
      <jump line="7" column="3" filename="$USER_HOME$/.ghq/github.com/rista-inc/joblist-magazine/app/models/balloon.rb" />
      <jump line="59" column="24" filename="$USER_HOME$/.ghq/github.com/rista-inc/joblist-magazine/app/controllers/admin/articles/sections_controller.rb" />
      <jump line="60" column="24" filename="$USER_HOME$/.ghq/github.com/rista-inc/joblist-magazine/app/controllers/admin/articles/sections_controller.rb" />
      <jump line="61" column="0" filename="$USER_HOME$/.ghq/github.com/rista-inc/joblist-magazine/app/controllers/admin/articles/sections_controller.rb" />
      <jump line="2" column="1" filename="$USER_HOME$/.ghq/github.com/rista-inc/joblist-magazine/app/views/fixed_parts/_download_link.html.haml" />
      <jump line="12" column="0" filename="$USER_HOME$/.ghq/github.com/rista-inc/joblist-magazine/app/views/fixed_parts/_download_link.html.haml" />
      <jump line="18" column="5" filename="$USER_HOME$/.ghq/github.com/rista-inc/joblist-magazine/app/views/fixed_parts/_download_link.html.haml" />
      <jump line="13" column="12" filename="$USER_HOME$/.ghq/github.com/rista-inc/joblist-magazine/app/views/fixed_parts/_download_link.html.haml" />
      <jump line="15" column="51" filename="$USER_HOME$/.ghq/github.com/rista-inc/joblist-magazine/app/javascript/stylesheets/amp/application.css" />
      <jump line="0" column="0" filename="$USER_HOME$/.ghq/github.com/rista-inc/joblist-magazine/app/javascript/stylesheets/modules/_article_body.css" />
      <jump line="259" column="0" filename="$USER_HOME$/.ghq/github.com/rista-inc/joblist-magazine/app/javascript/stylesheets/modules/_article_body.css" />
      <jump line="28" column="38" filename="$USER_HOME$/.ghq/github.com/rista-inc/joblist/lib/autoload/crawler/crawler/base.rb" />
    </jumps>
    <registers>
      <register name="&quot;" type="2">
        <text encoding="base64">Cg==</text>
      </register>
      <register name="-" type="4">
        <text>n</text>
      </register>
      <register name="/" type="4">
        <text encoding="base64">XDxyZWxcPg==</text>
      </register>
      <register name="0" type="2">
        <text encoding="base64">ICAgICAgbWFyZ2luLWJvdHRvbTogMTBweDsK</text>
      </register>
      <register name="1" type="2">
        <text encoding="base64">ICBlbmQK</text>
      </register>
      <register name="2" type="2">
        <text encoding="base64">UlNwZWMuZGVzY3JpYmUgVG9kbywgdHlwZTogOm1vZGVsIGRvCiAgZW5kCg==</text>
      </register>
      <register name="3" type="2">
        <text encoding="base64">UnNwZWMuZGVzY3JpdmUgJ1RvZG8nCg==</text>
      </register>
      <register name="4" type="2">
        <text encoding="base64">ICAgICMgZGQK</text>
      </register>
      <register name="5" type="2">
        <text encoding="base64">ICAgIGNvbnRlbnQgCg==</text>
      </register>
      <register name="6" type="2">
        <text encoding="base64">ICAgIGhsc2VhcmNoCg==</text>
      </register>
      <register name="7" type="2">
        <text encoding="base64">Cg==</text>
      </register>
      <register name="8" type="2">
        <text encoding="base64">ICAgIHVzZXIK</text>
      </register>
      <register name="9" type="2">
        <text encoding="base64">ICAgIGVuZAo=</text>
      </register>
      <register name=":" type="4">
        <text>nohlsearch</text>
      </register>
    </registers>
    <search>
      <last-search encoding="base64">XDxyZWxcPg==</last-search>
      <last-offset />
      <last-pattern encoding="base64">XDxyZWxcPg==</last-pattern>
      <last-replace>assign_values</last-replace>
      <last-substitute>assign_keys</last-substitute>
      <last-dir>-1</last-dir>
      <show-last>false</show-last>
    </search>
    <history>
      <history-search>
        <entry>.match</entry>
        <entry>several_variants</entry>
        <entry>mode</entry>
        <entry>parse</entry>
        <entry>json_dir</entry>
        <entry>s.</entry>
        <entry>shop_search</entry>
        <entry>end_line</entry>
        <entry>CSV</entry>
        <entry>detect</entry>
        <entry>counter</entry>
        <entry>count</entry>
        <entry>_counter</entry>
        <entry>sleep</entry>
        <entry>api_key</entry>
        <entry>send_client</entry>
        <entry>action_mailer</entry>
        <entry>poster</entry>
        <entry>img</entry>
        <entry encoding="base64">XDxyZWxcPg==</entry>
      </history-search>
      <history-cmd>
        <entry>2</entry>
        <entry>s/assign_keys/assign_values/g</entry>
        <entry>ww</entry>
        <entry>s/job_min_salary/condition_min_salary/G</entry>
        <entry>:nohlsearch</entry>
        <entry>q</entry>
        <entry>e</entry>
        <entry>.,.+264nohlsearch</entry>
        <entry>Lw</entry>
        <entry>Wq</entry>
        <entry>W</entry>
        <entry>wq</entry>
        <entry>.,.+2nohlsearch</entry>
        <entry>w</entry>
        <entry>nohlsearch</entry>
      </history-cmd>
      <history-expr />
      <history-input />
    </history>
    <shortcut-conflicts>
      <shortcut-conflict owner="ide">
        <text>ctrl pressed E</text>
      </shortcut-conflict>
      <shortcut-conflict owner="vim">
        <text>ctrl pressed V</text>
      </shortcut-conflict>
      <shortcut-conflict owner="ide">
        <text>ctrl pressed M</text>
      </shortcut-conflict>
      <shortcut-conflict owner="vim">
        <text>ctrl pressed N</text>
      </shortcut-conflict>
      <shortcut-conflict owner="vim">
        <text>ctrl pressed R</text>
      </shortcut-conflict>
      <shortcut-conflict owner="vim">
        <text>ctrl pressed A</text>
      </shortcut-conflict>
    </shortcut-conflicts>
    <editor>
      <key-repeat enabled="true" />
    </editor>
  </component>
</application>